{
    "categorias": [
        {
            "id_categoria": 1,
            "nombre": "Camisetas"
        },
        {
            "id_categoria": 2,
            "nombre": "Pantalones"
        },
        {
            "id_categoria": 3,
            "nombre": "Zapatos"
        },
        {
            "id_categoria": 4,
            "nombre": "Chaquetas"
        },
        {
            "id_categoria": 5,
            "nombre": "Accesorios"
        },
        {
            "id_categoria": 6,
            "nombre": "Ropa Interior"
        },
        {
            "id_categoria": 7,
            "nombre": "Deportiva"
        }
    ],
    "productos": [
        {
            "id": 1,
            "nombre": "Camiseta Básica",
            "precio": 15.99,
            "destacado": true,
            "id_categoria": 1,
            "descripcion": "Camiseta de algodón suave, perfecta para un estilo casual. Disponible en varios colores y tallas, con un diseño clásico que combina con todo.",
            "imagen": "../img/CamisetaNegra.jpg"
        },
        {
            "id": 2,
            "nombre": "Pantalón Casual",
            "precio": 25.99,
            "destacado": false,
            "id_categoria": 2,
            "descripcion": "Pantalón de corte recto confeccionado en tela ligera y transpirable. Ideal para ocasiones informales o para un look relajado. Incluye bolsillos funcionales.",
            "imagen": "../img/pantalon.jpg"
        },
        {
            "id": 3,
            "nombre": "Zapatos Deportivos",
            "precio": 45.99,
            "destacado": true,
            "id_categoria": 3,
            "descripcion": "Zapatos deportivos con suela acolchada y diseño ergonómico. Fabricados con materiales transpirables y duraderos, ideales para actividades diarias o ejercicio.",
            "imagen": "../img/zapatos.jpg"
        },
        {
            "id": 4,
            "nombre": "Chaqueta de Cuero",
            "precio": 120.99,
            "destacado": false,
            "id_categoria": 4,
            "descripcion": "Chaqueta de cuero genuino con diseño moderno y ajustado. Incluye cremalleras metálicas y bolsillos amplios, ideal para un look sofisticado.",
            "imagen": "../img/chaqueta.jpg"
        },
        {
            "id": 5,
            "nombre": "Gorro de Lana",
            "precio": 19.99,
            "destacado": false,
            "id_categoria": 5,
            "descripcion": "Gorro de lana tejida a mano, perfecto para mantener el calor en invierno. Disponible en una variedad de colores cálidos.",
            "imagen": "../img/gorro.jpg"
        },
        {
            "id": 6,
            "nombre": "Sudadera Deportiva",
            "precio": 59.99,
            "destacado": true,
            "id_categoria": 5,
            "descripcion": "Sudadera de algodón con capucha ajustable y bolsillo frontal. Ideal para un look casual y deportivo.",
            "imagen": "../img/sudaderaDeportiva.jpg"
        },
        {
            "id": 7,
            "nombre": "Camiseta Deportiva",
            "precio": 18.99,
            "destacado": false,
            "id_categoria": 7,
            "descripcion": "Camiseta ligera de poliéster, diseñada para deportes de alto rendimiento. Transpirable y de secado rápido.",
            "imagen": "../img/camisetaDeportiva.jpg"
        },
        {
            "id": 8,
            "nombre": "Ropa Interior Térmica",
            "precio": 25.99,
            "destacado": false,
            "id_categoria": 6,
            "descripcion": "Ropa interior térmica ideal para días fríos. Confeccionada con material elástico que proporciona comodidad y calor.",
            "imagen": "../img/camisetaInterior.jpg"
        },
        {
            "id": 9,
            "nombre": "Zapatos Elegantes",
            "precio": 89.99,
            "destacado": false,
            "id_categoria": 3,
            "descripcion": "Zapatos de cuero elegantes con suela antideslizante. Perfectos para eventos formales y ocasiones especiales.",
            "imagen": "../img/zapatosElegantes.jpg"
        },
        {
            "id": 10,
            "nombre": "Sudadera con Capucha",
            "precio": 39.99,
            "destacado": false,
            "id_categoria": 7,
            "descripcion": "Sudadera de algodón con capucha ajustable y bolsillo frontal. Ideal para un look casual y deportivo.",
            "imagen": "../img/sudadera.jpg"
        }
    ]
}
